{
  "pierce1": {
    "sounds": [
      "custom:pierce1"]
    },
  "pierce2": {
    "sounds": [
      "custom:pierce2"]
    },
  "pierce3": {
    "sounds": [
      "custom:pierce3"]
    },
  "victory1": {
    "sounds": [
      "custom:victory1"]
    },
  "fanfare": {
    "sounds": [
      "custom:fanfare"]
    },
  "completed": {
    "sounds": [
      "custom:completed"]
    },
  "gamestart": {
    "sounds": [
      "custom:gamestart"]
    },
  "correct": {
    "sounds": [
      "custom:correct"]
    },
  "gamebonus": {
    "sounds": [
      "custom:gamebonus"]
    },
  "ending": {
    "sounds": [
      "custom:ending"]
    },
  "purchase": {
    "sounds": [
      "custom:purchase"]
    },
  "explosion": {
    "sounds": [
      "custom:explosion"]
    },
  "good": {
    "sounds": [
      "custom:good"]
    },
  "completed2": {
    "sounds": [
      "custom:completed2"]
    },
  "error": {
    "sounds": [
      "custom:error"]
    }
}