{"providers":
	[
		{
      			"type": "reference",
      			"id": "chathead:playerhead"
    		},
		{
		"type": "bitmap",
			"file": "minecraft:gameapi/pixel.png",
			"height": -3,
			"ascent": -2000,
			"chars": [
				"\u4E03"
			]
		},
		{
			"type": "bitmap",
			"file": "minecraft:gameapi/kitselector1.png",
			"height": 85,
			"ascent": 19,
			"chars": [
				"\u31BA"
			]
		},
		{
			"type": "bitmap",
			"file": "minecraft:gameapi/perks.png",
			"height": 70,
			"ascent": 19,
			"chars": [
				"\u31BB"
			]
		},
		{
			"type": "bitmap",
			"file": "minecraft:gameapi/quests.png",
			"height": 70,
			"ascent": 19,
			"chars": [
				"\u31BC"
			]
		},
		{
			"type": "bitmap",
			"file": "minecraft:gameapi/mapvote.png",
			"height": 70,
			"ascent": 19,
			"chars": [
				"\u31BD"
			]
		},
		{
			"type": "bitmap",
			"file": "minecraft:gameapi/layouteditor.png",
			"height": 139,
			"ascent": 19,
			"chars": [
				"\u31be"
			]
		},
		{
			"type": "bitmap",
			"file": "minecraft:gameapi/teleporter.png",
			"height": 139,
			"ascent": 19,
			"chars": [
				"\u31bf"
			]
		},
		{
			"type": "bitmap",
			"file": "minecraft:gameapi/playerinspection.png",
			"height": 139,
			"ascent": 19,
			"chars": [
				"\u31b9"
			]
		},
                {
		"type": "bitmap",
			"file": "minecraft:gameapi/red.png",
			"height": 7,
			"ascent": 7,
			"chars": [
				"\u1E88"
			]
		},
		{
			"type": "bitmap",
			"file": "minecraft:gameapi/green.png",
			"height": 7,
			"ascent": 7,
			"chars": [
				"\uE236"
			]
		},
		{
			"type": "bitmap",
			"file": "minecraft:gameapi/blue.png",
			"height": 7,
			"ascent": 7,
			"chars": [
				"\u1E80"
			]
		},
		{
			"type": "bitmap",
			"file": "minecraft:gameapi/sword.png",
			"height": 7,
			"ascent": 7,
			"chars": [
				"\u1E81"
			]
		},
		{
			"type": "bitmap",
			"file": "minecraft:gameapi/victory.png",
			"height": 7,
			"ascent": 7,
			"chars": [
				"\u1E82"
			]
		},
		{
			"type": "bitmap",
			"file": "minecraft:gameapi/skull.png",
			"height": 7,
			"ascent": 7,
			"chars": [
				"\u1E83"
			]
		},
		{
			"type": "bitmap",
			"file": "minecraft:gameapi/friends.png",
			"height": 7,
			"ascent": 7,
			"chars": [
				"\u1E84"
			]
		},
		{
			"type": "bitmap",
			"file": "minecraft:gameapi/party.png",
			"height": 7,
			"ascent": 7,
			"chars": [
				"\u1E85"
			]
		},
		{
			"type": "bitmap",
			"file": "minecraft:gameapi/background-1.png",
			"height": 9,
			"ascent": 9,
			"chars": [
				"\u1E88"
			]
		},
		{
			"type": "bitmap",
			"file": "minecraft:gameapi/background-2.png",
			"height": 9,
			"ascent": 9,
			"chars": [
				"\u1E89"
			]
		},
		{
			"type": "bitmap",
			"file": "minecraft:gameapi/background-3.png",
			"height": 9,
			"ascent": 9,
			"chars": [
				"\u1E8A"
			]
		},
		{
			"type": "bitmap",
			"file": "minecraft:gameapi/cooldown.png",
			"height": 7,
			"ascent": 7,
			"chars": [
				"\u1E87"
			]
		},
		{
			"type": "bitmap",
			"file": "minecraft:gameapi/kill_messages.png",
			"height": 139,
			"ascent": 19,
			"chars": [
				"\u1E90"
			]
		},
		{
			"type": "bitmap",
			"file": "minecraft:gameapi/kill_sounds.png",
			"height": 139,
			"ascent": 19,
			"chars": [
				"Ẏ"
			]
		},
		{
			"type": "bitmap",
			"file": "minecraft:gameapi/kill_effects.png",
			"height": 139,
			"ascent": 19,
			"chars": [
				"\u1E8F"
			]
		},
		{
			"type": "bitmap",
			"file": "minecraft:gameapi/projectile_trails.png",
			"height": 139,
			"ascent": 19,
			"chars": [
				"ẑ"
			]
		},
		{
			"type": "bitmap",
			"file": "minecraft:gameapi/hats.png",
			"height": 139,
			"ascent": 19,
			"chars": [
				"ẗ"
			]
		},
		{
			"type": "bitmap",
			"file": "minecraft:gameapi/common.png",
			"height": 7,
			"ascent": 7,
			"chars": [
				"Ẓ"
			]
		},
		{
			"type": "bitmap",
			"file": "minecraft:gameapi/uncommon.png",
			"height": 7,
			"ascent": 7,
			"chars": [
				"ẓ"
			]
		},
		{
			"type": "bitmap",
			"file": "minecraft:gameapi/rare.png",
			"height": 7,
			"ascent": 7,
			"chars": [
				"Ẕ"
			]
		},
		{
			"type": "bitmap",
			"file": "minecraft:gameapi/epic.png",
			"height": 7,
			"ascent": 7,
			"chars": [
				"ẕ"
			]
		},
		{
			"type": "bitmap",
			"file": "minecraft:gameapi/legendary.png",
			"height": 7,
			"ascent": 7,
			"chars": [
				"\u1E96"
			]
		},
		{"type":"bitmap","file":"space:font/splitter.png","ascent":-9999,"height":-2,"chars":["󀀀"]},
	{"type":"space","advances":{"󏽪":-150,"󏾜":-100,"󏿎":-50,"󏿏":-49,"󏿐":-48,"󏿑":-47,"󏿒":-46,"󏿓":-45,"󏿔":-44,"󏿕":-43,"󏿖":-42,"󏿗":-41,"󏿘":-40,"󏿙":-39,"󏿚":-38,"󏿛":-37,"󏿜":-36,"󏿝":-35,"󏿞":-34,"󏿟":-33,"󏿠":-32,"󏿡":-31,"󏿢":-30,"󏿣":-29,"󏿤":-28,"󏿥":-27,"󏿦":-26,"󏿧":-25,"󏿨":-24,"󏿩":-23,"󏿪":-22,"󏿫":-21,"󏿬":-20,"󏿭":-19,"󏿮":-18,"󏿯":-17,"󏿰":-16,"󏿱":-15,"󏿲":-14,"󏿳":-13,"󏿴":-12,"󏿵":-11,"󏿶":-10,"󏿷":-9,"󏿸":-8,"󏿹":-7,"󏿺":-6,"󏿻":-5,"󏿼":-4,"󏿽":-3,"󏿾":-2,"󏿿":-1,"󐀀":0,"󐀁":1,"󐀂":2,"󐀃":3,"󐀄":4,"󐀅":5,"󐀆":6,"󐀇":7,"󐀈":8,"󐀉":9,"󐀊":10,"󐀋":11,"󐀌":12,"󐀍":13,"󐀎":14,"󐀏":15,"󐀐":16,"󐀑":17,"󐀒":18,"󐀓":19,"󐀔":20,"󐀕":21,"󐀖":22,"󐀗":23,"󐀘":24,"󐀙":25,"󐀚":26,"󐀛":27,"󐀜":28,"󐀝":29,"󐀞":30,"󐀟":31,"󐀠":32,"󐀡":33,"󐀢":34,"󐀣":35,"󐀤":36,"󐀥":37,"󐀦":38,"󐀧":39,"󐀨":40,"󐀩":41,"󐀪":42,"󐀫":43,"󐀬":44,"󐀭":45,"󐀮":46,"󐀯":47,"󐀰":48,"󐀱":49,"󐀲":50,"󐁤":100,"󐂖":150}},{"type":"space","advances":{"񎵀":-1,"񎾜":-0.8741666666666666666666666667,"񑋀":1}}
	]
}