{
	"parent": "block/carved_pumpkin",
	"textures": {
		"layer0": "item/carved_pumpkin"
	},
	
	"overrides": [
		{"predicate": {"custom_model_data":1}, "model": "block/carved_pumpkin/1"},
		{"predicate": {"custom_model_data":2}, "model": "block/carved_pumpkin/2"},
		{"predicate": {"custom_model_data":3}, "model": "block/carved_pumpkin/3"},
		{"predicate": {"custom_model_data":4}, "model": "block/carved_pumpkin/4"},
		{"predicate": {"custom_model_data":5}, "model": "block/carved_pumpkin/5"},
		{"predicate": {"custom_model_data":6}, "model": "block/carved_pumpkin/6"},
		{"predicate": {"custom_model_data":7}, "model": "block/carved_pumpkin/7"},
		{"predicate": {"custom_model_data":8}, "model": "block/carved_pumpkin/8"},
		{"predicate": {"custom_model_data":9}, "model": "block/carved_pumpkin/9"},
		{"predicate": {"custom_model_data":10}, "model": "block/carved_pumpkin/10"},
		{"predicate": {"custom_model_data":11}, "model": "block/carved_pumpkin/11"},
		{"predicate": {"custom_model_data":12}, "model": "block/carved_pumpkin/12"}
	]
}