{
  "parent": "minecraft:item/generated",
  "textures": {
    "layer0": "minecraft:item/echo_shard"
  },
  "overrides": [
    {
      "predicate": {
        "custom_model_data": 1010
      },
      "model": "minecraft:item/sparkofinvisibility"
    },
    {
      "predicate": {
        "custom_model_data": 1011
      },
      "model": "minecraft:item/sparkoflevitation"
    },
    {
      "predicate": {
        "custom_model_data": 1012
      },
      "model": "minecraft:item/sparkofregeneration"
    },
    {
      "predicate": {
        "custom_model_data": 1013
      },
      "model": "minecraft:item/sparkofswiftness"
    },
    {
      "predicate": {
        "custom_model_data": 1014
      },
      "model": "minecraft:item/toxicgrenade"
    },
    {
      "predicate": {
        "custom_model_data": 1015
      },
      "model": "minecraft:item/slownessgrenade"
    },
    {
      "predicate": {
        "custom_model_data": 1016
      },
      "model": "minecraft:item/back"
    },
    {
      "predicate": {
        "custom_model_data": 1017
      },
      "model": "minecraft:item/close"
    },
    {
      "predicate": {
        "custom_model_data": 1018
      },
      "model": "minecraft:item/info"
    },
    {
      "predicate": {
        "custom_model_data": 1019
      },
      "model": "minecraft:item/sparkofjumpboost"
    },
    {
      "predicate": {
        "custom_model_data": 1020
      },
      "model": "minecraft:item/blindnessgrenade"
    },
    {
      "predicate": {
        "custom_model_data": 1021
      },
      "model": "minecraft:item/locked"
    }
  ]
}
